session_id,customer_id,device,COUNT(transactions),MEAN(transactions.amount),SUM(transactions.amount),MIN(transactions.amount),MAX(transactions.amount),STD(transactions.amount),MEDIAN(transactions.amount),MODE(transactions.product_id),NUM_UNIQUE(transactions.product_id),LAST(transactions.product_id),LAST(transactions.amount),SKEW(transactions.amount),MEAN(transactions.ABSOLUTE(amount)),MEAN(transactions.DIFF(amount by session_id)),MEAN(transactions.DIFF(amount by product_id)),SUM(transactions.ABSOLUTE(amount)),SUM(transactions.DIFF(amount by session_id)),SUM(transactions.DIFF(amount by product_id)),MIN(transactions.ABSOLUTE(amount)),MIN(transactions.DIFF(amount by session_id)),MIN(transactions.DIFF(amount by product_id)),MAX(transactions.ABSOLUTE(amount)),MAX(transactions.DIFF(amount by session_id)),MAX(transactions.DIFF(amount by product_id)),STD(transactions.ABSOLUTE(amount)),STD(transactions.DIFF(amount by session_id)),STD(transactions.DIFF(amount by product_id)),MEDIAN(transactions.ABSOLUTE(amount)),MEDIAN(transactions.DIFF(amount by session_id)),MEDIAN(transactions.DIFF(amount by product_id)),LAST(transactions.ABSOLUTE(amount)),LAST(transactions.DIFF(amount by session_id)),LAST(transactions.DIFF(amount by product_id)),SKEW(transactions.ABSOLUTE(amount)),SKEW(transactions.DIFF(amount by session_id)),SKEW(transactions.DIFF(amount by product_id)),ABSOLUTE(COUNT(transactions)),ABSOLUTE(MEAN(transactions.amount)),ABSOLUTE(SUM(transactions.amount)),ABSOLUTE(MIN(transactions.amount)),ABSOLUTE(MAX(transactions.amount)),ABSOLUTE(STD(transactions.amount)),ABSOLUTE(MEDIAN(transactions.amount)),ABSOLUTE(NUM_UNIQUE(transactions.product_id)),ABSOLUTE(LAST(transactions.amount)),ABSOLUTE(SKEW(transactions.amount)),DIFF(MEDIAN(transactions.amount) by customer_id),DIFF(MEDIAN(transactions.amount) by device),DIFF(MEAN(transactions.amount) by device),DIFF(STD(transactions.amount) by customer_id),DIFF(MEAN(transactions.amount) by customer_id),DIFF(STD(transactions.amount) by device),DIFF(SUM(transactions.amount) by customer_id),DIFF(MIN(transactions.amount) by customer_id),DIFF(MAX(transactions.amount) by device),DIFF(NUM_UNIQUE(transactions.product_id) by customer_id),DIFF(SKEW(transactions.amount) by customer_id),DIFF(SUM(transactions.amount) by device),DIFF(COUNT(transactions) by device),DIFF(LAST(transactions.amount) by customer_id),DIFF(MIN(transactions.amount) by device),DIFF(MAX(transactions.amount) by customer_id),DIFF(NUM_UNIQUE(transactions.product_id) by device),DIFF(SKEW(transactions.amount) by device),DIFF(COUNT(transactions) by customer_id),DIFF(LAST(transactions.amount) by device)
1,2,desktop,16,76.81312500000001,1229.0100000000002,20.91,141.66,41.60097590501935,72.91499999999999,3,5,5,69.45,0.2954584806495609,76.81312500000001,-2.6686666666666685,2.145714285714288,1229.0100000000002,-40.03000000000003,30.040000000000035,20.91,-99.22,-59.55,141.66,84.00999999999999,104.71000000000001,41.60097590501935,60.353013993463804,51.98075423643842,72.91499999999999,-16.14,-4.055,69.45,45.69,-59.55,0.2954584806495609,0.07385672743318733,0.49075837018437013,16,76.81312500000001,1229.0100000000002,20.91,141.66,41.60097590501935,72.91499999999999,5,69.45,0.2954584806495609,,,,,,,,,,,,,,,,,,,,
2,5,mobile,10,74.696,746.96,9.32,135.25,45.89359122530677,75.39,5,5,5,9.32,-0.16055033518609554,74.696,-11.855555555555558,-4.827777777777777,746.96,-106.70000000000002,-43.44999999999999,9.32,-125.93,-90.95999999999998,135.25,63.99999999999999,93.22,45.89359122530677,68.81013481150707,70.02490731478653,75.39,11.82,-6.979999999999999,9.32,-125.93,-87.86000000000001,-0.16055033518609554,-0.5156360132973177,0.22931246819893986,10,74.696,746.96,9.32,135.25,45.89359122530677,75.39,5,9.32,0.16055033518609554,,,,,,,,,,,,,,,,,,,,
3,4,mobile,15,88.60000000000001,1329.0000000000002,8.7,147.73,46.24001560182634,86.53,1,5,1,137.82,-0.32401158479379677,88.60000000000001,9.222857142857142,16.20307692307692,1329.0000000000002,129.12,210.64,8.7,-78.02000000000001,-78.02000000000001,147.73,86.74000000000001,90.33999999999999,46.24001560182634,53.09959704737322,51.80628812937277,86.53,10.734999999999992,17.97,137.82,35.05999999999999,79.11999999999999,-0.32401158479379677,-0.2903479023629456,-0.09917981948201898,15,88.60000000000001,1329.0000000000002,8.7,147.73,46.24001560182634,86.53,5,137.82,0.32401158479379677,,11.14,13.90400000000001,,,0.3464243765195718,,,12.47999999999999,,,582.0400000000002,5.0,,-0.620000000000001,,0.0,-0.16346124960770123,,128.5
4,1,mobile,25,64.55720000000001,1613.93,6.29,129.0,40.18720479622007,54.85,5,5,5,129.0,0.23434926881805834,64.55720000000001,0.09166666666666738,0.5008000000000012,1613.93,2.200000000000017,12.520000000000032,6.29,-111.26,-91.74000000000001,129.0,103.5,106.24,40.18720479622007,63.50222424496618,56.92008366414557,54.85,14.305000000000001,6.25,129.0,81.05,26.239999999999995,0.23434926881805834,-0.23324013945123073,0.10152643487257633,25,64.55720000000001,1613.93,6.29,129.0,40.18720479622007,54.85,5,129.0,0.23434926881805834,,-31.68,-24.0428,,,-6.052810805606271,,,-18.72999999999999,,,284.92999999999984,10.0,,-2.4099999999999993,,0.0,0.5583608536118552,,-8.819999999999993
5,4,mobile,11,70.6381818181818,777.0199999999999,7.43,139.2,48.918662863611026,69.24,5,5,2,36.68,0.33638130811509315,70.6381818181818,-9.460999999999999,6.518181818181817,777.0199999999999,-94.60999999999999,71.69999999999999,7.43,-131.76999999999998,-57.459999999999994,139.2,67.66999999999999,84.85,48.918662863611026,83.67490045142303,48.05038601680153,69.24,32.115,-6.339999999999996,36.68,-60.50000000000001,-13.280000000000001,0.33638130811509315,-0.5415349937153867,0.4269480854840768,11,70.6381818181818,777.0199999999999,7.43,139.2,48.918662863611026,69.24,5,36.68,0.33638130811509315,-17.290000000000006,14.389999999999993,6.080981818181797,2.6786472617846826,-17.961818181818202,8.731458067390953,-551.9800000000004,-1.2699999999999996,10.199999999999989,0.0,0.6603928929088899,-836.9100000000002,-14.0,-101.13999999999999,1.1399999999999997,-8.530000000000001,0.0,0.1020320392970348,-4.0,-92.32
6,1,tablet,15,84.44,1266.6,8.74,139.23,42.65475454992428,70.14,4,5,4,129.98,-0.13475408649983936,84.44,4.397857142857141,14.306666666666668,1266.6,61.56999999999998,214.60000000000002,8.74,-124.53000000000002,-65.13,139.23,99.85999999999999,121.24,42.65475454992428,68.83890069503651,56.95291509743147,70.14,27.519999999999996,-0.37999999999999545,129.98,99.85999999999999,121.24,-0.13475408649983936,-0.44662439778456675,0.6118302745416705,15,84.44,1266.6,8.74,139.23,42.65475454992428,70.14,5,129.98,0.13475408649983936,15.29,,,2.467549753704205,19.88279999999999,,-347.33000000000015,2.45,,0.0,-0.36910335531789773,,,0.9799999999999898,,10.22999999999999,,,-10.0,
7,3,tablet,15,62.79133333333334,941.8700000000001,8.19,146.31,47.264796755946726,54.35,1,5,2,146.31,0.6184551860480938,62.79133333333334,0.672857142857144,-17.100666666666665,941.8700000000001,9.420000000000016,-256.51,8.19,-110.28999999999999,-128.45000000000002,146.31,115.27,109.63,47.264796755946726,66.12345498309278,69.75875024137184,54.35,-5.620000000000001,7.030000000000001,146.31,87.61,109.63,0.6184551860480938,0.017077709233122226,-0.008639290253685695,15,62.79133333333334,941.8700000000001,8.19,146.31,47.264796755946726,54.35,5,146.31,0.6184551860480938,,-15.79,-21.648666666666657,,,4.610042206022449,,,7.0800000000000125,,,-324.7299999999998,0.0,,-0.5500000000000007,,0.0,0.7532092725479331,,16.330000000000013
8,4,tablet,18,75.08111111111111,1351.46,12.59,143.85,44.213241946261896,67.645,1,5,1,35.94,0.20067588613526527,75.08111111111111,-4.478235294117646,-11.23611111111111,1351.46,-76.13,-202.25,12.59,-104.68,-94.4,143.85,74.73000000000002,56.88999999999999,44.213241946261896,55.36708185322012,37.9228587187028,67.645,11.090000000000003,-21.845000000000002,35.94,23.349999999999998,-39.89,0.20067588613526527,-0.5297926208037683,-0.1202749688975893,18,75.08111111111111,1351.46,12.59,143.85,44.213241946261896,67.645,5,35.94,0.20067588613526527,-1.5949999999999989,13.294999999999995,12.289777777777772,-4.70542091734913,4.442929292929307,-3.0515548096848306,574.4400000000002,5.16,-2.460000000000008,0.0,-0.13570542197982788,409.5899999999999,3.0,-0.740000000000002,4.4,4.650000000000006,0.0,-0.41777929991282853,7.0,-110.37
9,1,desktop,15,70.13533333333332,1052.0299999999997,5.81,132.72,46.90566518733816,57.62,1,5,3,41.7,0.22633703084798373,70.13533333333332,-6.284999999999998,-9.238666666666665,1052.0299999999997,-87.98999999999998,-138.57999999999998,5.81,-111.28999999999999,-114.97999999999999,132.72,43.19,47.74000000000001,46.90566518733816,44.8470679514966,47.65793815854616,57.62,2.8350000000000044,-2.5100000000000016,41.7,-6.039999999999999,29.110000000000003,0.22633703084798373,-1.2960099472163649,-0.7635953053358191,15,70.13533333333332,1052.0299999999997,5.81,132.72,46.90566518733816,57.62,5,41.7,0.22633703084798373,-12.520000000000003,-15.294999999999995,-6.6777916666666925,4.250910637413881,-14.304666666666677,5.304689282318812,-214.57000000000016,-2.9300000000000006,-8.939999999999998,0.0,0.36109111734782307,-176.98000000000047,-1.0,-88.27999999999999,-15.100000000000001,-6.509999999999991,0.0,-0.06912144980157714,0.0,-27.75
10,2,tablet,15,88.04266666666668,1320.64,15.8,142.44,39.88661384235974,101.3,2,5,5,123.19,-0.45519662458590393,88.04266666666668,7.670714285714285,7.5393333333333326,1320.64,107.39,113.08999999999999,15.8,-91.48,-111.0,142.44,84.87,118.47999999999999,39.88661384235974,55.39355286899866,72.50476156449182,101.3,20.884999999999998,0.4200000000000017,123.19,72.74,113.87,-0.45519662458590393,-0.4364045512977559,0.31175104234543705,15,88.04266666666668,1320.64,15.8,142.44,39.88661384235974,101.3,5,123.19,0.45519662458590393,28.385000000000005,33.655,12.961555555555563,-1.7143620626596032,11.229541666666663,-4.326628103902152,91.62999999999988,-5.109999999999999,-1.4099999999999966,0.0,-0.7506551052354649,-30.819999999999936,-3.0,53.739999999999995,3.210000000000001,0.7800000000000011,0.0,-0.6558725107211691,-1.0,87.25
11,4,mobile,15,77.05466666666668,1155.8200000000002,27.02,147.86,35.466283760911914,69.32,3,4,5,27.02,0.3828678496286044,77.05466666666668,-0.5542857142857142,22.542857142857144,1155.8200000000002,-7.759999999999998,315.6,27.02,-112.37,-37.03000000000001,147.86,78.54000000000002,102.72,35.466283760911914,54.258082235848406,45.205619703165816,69.32,-3.0450000000000017,25.715000000000003,27.02,-39.93000000000001,-33.150000000000006,0.3828678496286044,-0.41717371401376585,0.17724661053343435,15,77.05466666666668,1155.8200000000002,27.02,147.86,35.466283760911914,69.32,4,27.02,0.3828678496286044,,,,,,,,,,,,,,,,,,,,
12,4,desktop,10,77.168,771.6800000000001,8.37,143.96,50.2816553250012,88.42,4,5,4,8.37,-0.04491623535863458,77.168,-14.684444444444445,1.6010000000000033,771.6800000000001,-132.16,16.010000000000034,8.37,-114.59,-85.50999999999999,143.96,115.36000000000001,123.55,50.2816553250012,80.34133993640994,75.57321430977454,88.42,-21.0,8.164999999999997,8.37,-21.0,-73.5,-0.04491623535863458,0.3206872523654024,0.29388191173289746,10,77.168,771.6800000000001,8.37,143.96,50.2816553250012,88.42,5,8.37,0.04491623535863458,19.10000000000001,,,14.81537156408929,0.11333333333332973,,-384.1400000000001,-18.65,,1.0,-0.42778408498723897,,,-18.65,,-3.9000000000000057,,,-5.0,
13,4,mobile,12,78.96333333333332,947.56,5.73,142.28,54.29390294471099,84.9,2,4,1,110.9,-0.16946123077433628,78.96333333333332,9.560909090909092,17.596666666666668,947.56,105.17000000000002,211.16000000000003,5.73,-69.38,-132.65,142.28,115.2,105.62,54.29390294471099,57.82024169000774,83.00531618608241,84.9,-0.009999999999999787,15.120000000000005,110.9,-31.379999999999995,93.63000000000001,-0.16946123077433628,0.8702073970759904,-0.38093799491436753,12,78.96333333333332,947.56,5.73,142.28,54.29390294471099,84.9,4,110.9,0.16946123077433628,-3.519999999999996,15.580000000000013,1.9086666666666474,4.01224761970979,1.7953333333333177,18.82761918379908,175.87999999999988,-2.639999999999999,-5.5800000000000125,-1.0,-0.1245449954157017,-208.26000000000022,-3.0,102.53,-21.29,-1.6800000000000068,0.0,-0.5523290804029406,2.0,83.88000000000001
14,1,tablet,12,85.46916666666668,1025.63,6.78,139.09,39.825249290627255,99.25,4,5,4,91.04,-0.830975378852845,85.46916666666668,-1.4890909090909086,-0.9359999999999985,1025.63,-16.379999999999995,-9.359999999999985,6.78,-100.64,-84.01,139.09,106.94,130.72,39.825249290627255,65.77585642993111,63.608367933088104,99.25,-2.039999999999992,-10.615000000000002,91.04,-48.05,-2.319999999999993,-0.830975378852845,0.17377652754884157,1.2081574514107816,12,85.46916666666668,1025.63,6.78,139.09,39.825249290627255,99.25,5,91.04,0.830975378852845,,,,,,,,,,,,,,,,,,,,
15,2,desktop,8,79.35499999999999,634.8399999999999,12.07,146.81,47.935920322268316,77.965,2,5,2,36.65,0.13001920402689576,79.35499999999999,-9.13142857142857,-6.835714285714286,634.8399999999999,-63.91999999999999,-47.85,12.07,-82.69999999999999,-127.02000000000001,146.81,35.32,92.74999999999999,47.935920322268316,45.36129165877423,66.0293154230611,77.965,11.390000000000015,-8.159999999999997,36.65,-24.509999999999998,-18.009999999999998,0.13001920402689576,-0.7181008628920047,-0.5848694165464545,8,79.35499999999999,634.8399999999999,12.07,146.81,47.935920322268316,77.965,5,36.65,0.13001920402689576,,-10.454999999999998,2.1869999999999834,,,-2.345735002732887,,,2.8499999999999943,,,-136.84000000000015,-2.0,,3.700000000000001,,0.0,0.17493543938553036,,28.28
16,2,desktop,10,96.58099999999999,965.81,56.46,138.38,27.839228297893285,94.255,4,5,4,87.81,0.07488955232118273,96.58099999999999,-2.3733333333333326,22.19,965.81,-21.359999999999992,221.9,56.46,-81.91999999999999,-77.69000000000001,138.38,77.17999999999999,106.10999999999999,27.839228297893285,46.15396841009448,54.55787263692259,94.255,1.8399999999999963,25.650000000000002,87.81,-5.549999999999997,31.770000000000003,0.07488955232118273,-0.15829840565023293,-0.4107385617414937,10,96.58099999999999,965.81,56.46,138.38,27.839228297893285,94.255,5,87.81,0.07488955232118273,16.289999999999992,16.289999999999992,17.226,-20.09669202437503,17.226,-20.09669202437503,330.97,44.39,-8.430000000000007,0.0,-0.05512965170571303,330.97,2.0,51.160000000000004,44.39,-8.430000000000007,0.0,-0.05512965170571303,2.0,51.160000000000004
17,2,tablet,13,77.3046153846154,1004.9600000000002,21.82,118.85,33.72503635169393,88.97,1,5,1,52.54,-0.31491799738570087,77.3046153846154,-3.1874999999999996,4.5415384615384635,1004.9600000000002,-38.24999999999999,59.04000000000002,21.82,-79.16999999999999,-108.97,118.85,87.28999999999999,112.07,33.72503635169393,61.89210026328078,69.91075356554643,88.97,-14.45,9.75,52.54,-36.43,-67.50999999999999,-0.31491799738570087,0.17213588920288336,-0.16832538085154836,13,77.3046153846154,1004.9600000000002,21.82,118.85,33.72503635169393,88.97,5,52.54,0.31491799738570087,-5.284999999999997,-10.280000000000001,-8.164551282051278,5.885808053800645,-19.276384615384586,-6.100212938933325,39.150000000000205,-34.64,-20.24000000000001,0.0,-0.3898075497068836,-20.66999999999996,1.0,-35.27,15.04,-19.53,0.0,0.5160573814671441,3.0,-38.50000000000001
18,1,desktop,12,78.60666666666667,943.28,26.36,133.49,36.04417853219305,73.62,2,5,1,26.36,0.03235888330646032,78.60666666666667,-9.73909090909091,-17.585,943.28,-107.13000000000001,-211.02,26.36,-81.69,-68.41,133.49,87.9,26.070000000000007,36.04417853219305,54.51699119624,28.3567649456319,73.62,-38.63000000000001,-14.644999999999996,26.36,-81.69,-68.41,0.03235888330646032,0.42058488721474246,-0.23652821485520598,12,78.60666666666667,943.28,26.36,133.49,36.04417853219305,73.62,5,26.36,0.03235888330646032,-25.629999999999995,-20.63499999999999,-17.97433333333332,-3.781070758434204,-6.862500000000011,8.204950234299766,-82.35000000000014,19.58,-4.889999999999986,0.0,0.8633342621593053,-22.529999999999973,2.0,-64.68,-30.1,-5.599999999999994,0.0,-0.04253066901472241,0.0,-61.45
19,3,desktop,17,55.579411764705874,944.8499999999999,6.65,126.74,36.16722021917572,55.43,1,5,5,60.17,0.5315882420388273,55.579411764705874,2.6993750000000003,-25.200625000000002,944.8499999999999,43.190000000000005,-403.21000000000004,6.65,-64.00999999999999,-135.62,126.74,110.71,93.69,36.16722021917572,58.22062343290963,58.7668218718408,55.43,-7.280000000000001,-29.389999999999997,60.17,53.52,-6.780000000000001,0.5315882420388273,0.6023606624489042,0.05291431436058921,17,55.579411764705874,944.8499999999999,6.65,126.74,36.16722021917572,55.43,5,60.17,0.5315882420388273,,-18.190000000000005,-23.027254901960795,,,0.12304168698266693,,,-6.750000000000014,,,1.5699999999999363,5.0,,-19.71,,0.0,0.49922935873236696,,33.81
20,5,desktop,15,66.66666666666667,1000.0,16.54,135.99,37.88609444612828,76.97,1,5,2,16.54,0.3740076786819975,66.66666666666667,-1.8664285714285724,-9.412666666666667,1000.0,-26.130000000000013,-141.19,16.54,-105.17000000000002,-90.95,135.99,57.610000000000014,104.07,37.88609444612828,47.30581824796914,53.112562875821524,76.97,2.8149999999999995,-12.340000000000003,16.54,-0.7300000000000004,9.889999999999999,0.3740076786819975,-0.8048290674733757,0.49718134987199586,15,66.66666666666667,1000.0,16.54,135.99,37.88609444612828,76.97,5,16.54,0.3740076786819975,,21.54,11.087254901960797,,,1.7188742269525648,,,9.250000000000014,,,55.15000000000009,-2.0,,9.889999999999999,,0.0,-0.15758056335682974,,-43.63
21,4,desktop,18,71.70222222222223,1290.64,6.84,149.95,47.68564213009485,63.355000000000004,5,5,5,109.3,0.33297218973474035,71.70222222222223,-2.3911764705882357,-21.584705882352946,1290.64,-40.650000000000006,-366.94000000000005,6.84,-142.01999999999998,-126.87,149.95,141.63,107.38,47.68564213009485,64.73768916581292,67.63113873409634,63.355000000000004,-8.159999999999997,-33.580000000000005,109.3,-26.209999999999994,-39.72000000000001,0.33297218973474035,0.39502054207124676,0.3563675426264137,18,71.70222222222223,1290.64,6.84,149.95,47.68564213009485,63.355000000000004,5,109.3,0.33297218973474035,,,,,,,,,,,,,,,,,,,,
22,4,desktop,10,110.45,1104.5,54.83,143.16,29.02642397693675,118.13499999999999,2,4,1,110.55,-0.711743960244188,110.45,-1.6855555555555557,33.465555555555554,1104.5,-15.170000000000002,301.19,54.83,-76.44000000000001,-40.06,143.16,57.239999999999995,107.47000000000001,29.02642397693675,46.673111132404465,58.120233806977915,118.13499999999999,3.230000000000004,57.81,110.55,55.72,83.56,-0.711743960244188,-0.21434888506407607,-0.1991172790335957,10,110.45,1104.5,54.83,143.16,29.02642397693675,118.13499999999999,4,110.55,0.711743960244188,54.77999999999999,54.77999999999999,38.74777777777777,-18.659218153158097,38.74777777777777,-18.659218153158097,-186.1400000000001,47.989999999999995,-6.789999999999992,-1.0,-1.0447161499789284,-186.1400000000001,-8.0,1.25,47.989999999999995,-6.789999999999992,-1.0,-1.0447161499789284,-8.0,1.25
23,3,desktop,11,80.8372727272727,889.2099999999998,20.06,128.26,35.704679830775426,88.85,3,5,3,113.9,-0.2894664672705129,80.8372727272727,3.6770000000000023,16.693636363636365,889.2099999999998,36.770000000000024,183.63000000000002,20.06,-81.47,-126.4,128.26,54.970000000000006,116.88000000000001,35.704679830775426,57.117450933240285,62.61486313531753,88.85,39.14,16.66,113.9,54.970000000000006,54.970000000000006,-0.2894664672705129,-0.6041367063878278,-0.8836450173050152,11,80.8372727272727,889.2099999999998,20.06,128.26,35.704679830775426,88.85,5,113.9,0.2894664672705129,,-29.284999999999997,-29.612727272727298,,,6.6782558538386745,,,-14.900000000000006,,,-215.2900000000002,1.0,,-34.769999999999996,,1.0,0.42227749297367506,,3.3500000000000085
24,5,tablet,14,81.26571428571428,1137.72,16.46,146.46,51.149249895136926,88.08500000000001,4,5,3,130.19,-0.061651555609318634,81.26571428571428,-1.0207692307692304,16.249285714285715,1137.72,-13.269999999999996,227.49,16.46,-116.64000000000001,-112.82,146.46,74.92000000000002,108.42999999999999,51.149249895136926,55.61325043871267,63.80289521575089,88.08500000000001,2.9000000000000057,21.91000000000001,130.19,22.89999999999999,108.42999999999999,-0.061651555609318634,-0.9388002659980856,-0.7886026504234197,14,81.26571428571428,1137.72,16.46,146.46,51.149249895136926,88.08500000000001,5,130.19,0.061651555609318634,,,,,,,,,,,,,,,,,,,,
25,3,desktop,16,63.878125000000004,1022.0500000000001,5.89,149.15,46.172736142843725,47.035,1,5,4,57.22,0.5593461461304102,63.878125000000004,-2.479999999999999,-27.31,1022.0500000000001,-37.19999999999999,-409.65,5.89,-125.94000000000001,-122.78999999999999,149.15,112.30000000000001,127.51,46.172736142843725,79.31548659805168,68.00685921287648,47.035,16.48,-49.040000000000006,57.22,-34.540000000000006,-64.37,0.5593461461304102,-0.2447322739186944,0.8557763940646963,16,63.878125000000004,1022.0500000000001,5.89,149.15,46.172736142843725,47.035,5,57.22,0.5593461461304102,-41.815,-41.815,-16.9591477272727,10.468056312068299,-16.9591477272727,10.468056312068299,132.84000000000026,-14.169999999999998,20.890000000000015,0.0,0.8488126134009231,132.84000000000026,5.0,-56.68000000000001,-14.169999999999998,20.890000000000015,0.0,0.8488126134009231,5.0,-56.68000000000001
26,1,tablet,16,50.623124999999995,809.9699999999999,7.08,118.9,30.450261458921275,48.005,1,5,2,57.89,0.6402515481241762,50.623124999999995,0.31266666666666604,-16.663124999999997,809.9699999999999,4.689999999999991,-266.60999999999996,7.08,-111.82000000000001,-101.11999999999998,118.9,80.38,100.25,30.450261458921275,50.504974219896205,54.94128292625986,48.005,-9.169999999999998,-21.445,57.89,-6.659999999999997,34.480000000000004,0.6402515481241762,-0.27725567616427316,0.4452890175876228,16,50.623124999999995,809.9699999999999,7.08,118.9,30.450261458921275,48.005,5,57.89,0.6402515481241762,,-40.080000000000005,-30.642589285714287,,,-20.69898843621565,,,-27.560000000000002,,,-327.7500000000001,2.0,,-9.38,,0.0,0.7019031037334948,,-72.3
27,1,mobile,15,59.605999999999995,894.0899999999999,5.91,139.43,44.35410398148068,54.26,5,5,1,87.94,0.39474486935710995,59.605999999999995,2.334285714285715,-18.54071428571428,894.0899999999999,32.68000000000001,-259.56999999999994,5.91,-111.17,-122.35,139.43,112.87,73.53999999999999,44.35410398148068,80.84025118088768,65.42440540446259,54.26,3.5549999999999997,-26.43,87.94,64.53,72.87,0.39474486935710995,-0.10919642126556424,0.04307500836786606,15,59.605999999999995,894.0899999999999,5.91,139.43,44.35410398148068,54.26,5,87.94,0.39474486935710995,6.2549999999999955,,,13.903842522559401,8.982875,,84.12,-1.17,,0.0,-0.24550667876706622,,,30.049999999999997,,20.53,,,-1.0,
28,5,mobile,18,94.48166666666667,1700.67,15.97,149.02,48.552243329767386,108.745,2,5,5,149.02,-0.5390595714286825,94.48166666666667,7.462352941176471,12.79,1700.67,126.86000000000001,230.21999999999997,15.97,-114.36999999999999,-127.78999999999999,149.02,100.75,120.76,48.552243329767386,80.35195225766232,77.77193853524169,108.745,21.390000000000015,33.695,149.02,95.88000000000001,120.76,-0.5390595714286825,-0.3009435974469829,-0.4061834008602033,18,94.48166666666667,1700.67,15.97,149.02,48.552243329767386,108.745,5,149.02,0.5390595714286825,20.659999999999997,54.48500000000001,34.875666666666675,-2.59700656536954,13.215952380952388,4.198139348286709,562.95,-0.4900000000000002,9.590000000000003,0.0,-0.47740801581936393,806.5800000000002,3.0,18.830000000000013,10.06,2.5600000000000023,0.0,-0.9338044407857925,4.0,61.08000000000001
29,1,mobile,16,88.75562500000001,1420.0900000000001,11.62,126.11,32.324533710222845,93.66,4,5,3,90.27,-1.0384341205793044,88.75562500000001,0.35266666666666613,8.94875,1420.0900000000001,5.289999999999992,143.18,11.62,-87.4,-96.74,126.11,87.71,87.71,32.324533710222845,50.55966679742526,55.53029177845187,93.66,-4.519999999999996,22.854999999999997,90.27,-31.320000000000007,-39.92,-1.0384341205793044,-0.05053180900888274,-0.6118962320265031,16,88.75562500000001,1420.0900000000001,11.62,126.11,32.324533710222845,93.66,5,90.27,1.0384341205793044,39.4,-15.085000000000008,-5.72604166666666,-12.029570271257832,29.149625000000015,-16.22770961954454,526.0000000000002,5.709999999999999,-22.91000000000001,0.0,-1.4331789899364145,-280.5799999999999,-2.0,2.3299999999999983,-4.350000000000001,-13.320000000000007,0.0,-0.49937454915062185,1.0,-58.750000000000014
30,5,desktop,14,87.22357142857143,1221.13,7.55,144.53,39.65809406319566,83.935,3,5,1,102.38,-0.2005711444407675,87.22357142857143,7.294615384615383,15.370000000000001,1221.13,94.82999999999998,199.81,7.55,-79.55000000000001,-51.730000000000004,144.53,95.61000000000001,138.64000000000001,39.65809406319566,49.35764878506414,54.46944877635536,83.935,14.920000000000002,-0.5700000000000074,102.38,-42.150000000000006,-3.200000000000003,-0.2005711444407675,0.04894376733407567,1.365543465305483,14,87.22357142857143,1221.13,7.55,144.53,39.65809406319566,83.935,5,102.38,0.2005711444407675,-24.810000000000002,36.900000000000006,23.345446428571428,-8.894149266571723,-7.258095238095237,-6.514642079648063,-479.53999999999996,-8.420000000000002,-4.6200000000000045,0.0,0.33848842698791504,199.08000000000004,-2.0,-46.640000000000015,1.6600000000000001,-4.490000000000009,0.0,-0.7599172905711777,-4.0,45.16
31,2,mobile,18,68.89944444444444,1240.1899999999998,18.81,143.45,39.4143392050066,64.225,3,5,4,137.75,0.7557107690368606,68.89944444444444,6.82235294117647,8.073529411764707,1240.1899999999998,115.97999999999999,137.25,18.81,-78.94,-101.80000000000001,143.45,117.77000000000001,124.42,39.4143392050066,56.699020001386685,62.61894311440194,64.225,11.159999999999997,8.219999999999992,137.75,71.65,124.42,0.7557107690368606,0.030493382320874528,0.07897044035899699,18,68.89944444444444,1240.1899999999998,18.81,143.45,39.4143392050066,64.225,5,137.75,0.7557107690368606,,,,,,,,,,,,,,,,,,,,
32,5,mobile,8,67.8975,543.18,20.65,128.51,36.734681452662294,58.765,3,5,5,57.88,0.6022093779000486,67.8975,-3.1042857142857128,-5.080000000000004,543.18,-21.72999999999999,-40.64000000000003,20.65,-107.85999999999999,-67.71000000000001,128.51,60.089999999999996,93.97,36.734681452662294,52.73849411866783,59.284746291581136,58.765,14.280000000000001,-0.09000000000000341,57.88,22.950000000000003,39.07000000000001,0.6022093779000486,-1.3847021978362306,0.3709233861562322,8,67.8975,543.18,20.65,128.51,36.734681452662294,58.765,5,57.88,0.6022093779000486,,-5.459999999999994,-1.0019444444444474,,,-2.679657752344305,,,-14.939999999999998,,,-697.0099999999999,-10.0,,1.8399999999999999,,0.0,-0.15350139113681205,,-79.87
33,2,mobile,13,61.910000000000004,804.83,8.73,100.04,28.29841456100795,67.86,3,5,5,46.99,-0.7636030258225779,61.910000000000004,3.188333333333333,-13.076153846153842,804.83,38.26,-169.98999999999995,8.73,-51.650000000000006,-105.05999999999999,100.04,59.64,46.60000000000001,28.29841456100795,36.93275113040736,50.7204315403667,67.86,10.340000000000003,1.5400000000000063,46.99,33.660000000000004,-98.19999999999999,-0.7636030258225779,-0.1934158133641264,-0.7012066203744268,13,61.910000000000004,804.83,8.73,100.04,28.29841456100795,67.86,5,46.99,0.7636030258225779,3.635000000000005,9.094999999999999,-5.98749999999999,-11.11592464399865,-6.9894444444444375,-8.436266891654345,-435.3599999999998,-10.079999999999998,-28.469999999999985,0.0,-1.5193137948594386,261.6500000000001,5.0,-90.75999999999999,-11.919999999999998,-43.40999999999998,0.0,-1.3658124037226265,-5.0,-10.89
34,3,desktop,18,82.10944444444443,1477.9699999999998,14.48,148.86,50.11012043750681,71.005,4,5,2,129.35,0.011187113036815825,82.10944444444443,0.1170588235294123,20.093888888888888,1477.9699999999998,1.990000000000009,361.69,14.48,-130.71,-85.28999999999999,148.86,134.38000000000002,118.63,50.11012043750681,80.57431296361653,54.611919959235884,71.005,17.93,9.700000000000008,129.35,-19.51000000000002,-7.230000000000018,0.011187113036815825,-0.07673678975500632,0.09818105589511444,18,82.10944444444443,1477.9699999999998,14.48,148.86,50.11012043750681,71.005,5,129.35,0.011187113036815825,,,,,,,,,,,,,,,,,,,,
35,3,mobile,16,60.041875000000005,960.6700000000001,10.94,148.31,41.880341962747465,57.955,5,4,5,132.94,0.8549761309588101,60.041875000000005,4.696666666666668,-4.701666666666668,960.6700000000001,70.45000000000002,-56.420000000000016,10.94,-128.45,-97.07000000000001,148.31,76.13,85.94999999999999,41.880341962747465,51.80786890958149,63.18516379849327,57.955,11.589999999999996,-11.174999999999997,132.94,72.44999999999999,85.94999999999999,0.8549761309588101,-1.0176938330227843,-0.028108471885621975,16,60.041875000000005,960.6700000000001,10.94,148.31,41.880341962747465,57.955,4,132.94,0.8549761309588101,-13.049999999999997,-9.905000000000001,-1.8681249999999991,-8.229778474759343,-22.06756944444443,13.581927401739517,-517.2999999999997,-3.540000000000001,48.269999999999996,-1.0,0.8437890179219942,155.84000000000003,3.0,3.5900000000000034,2.209999999999999,-0.5500000000000114,-1.0,1.6185791567813879,-2.0,85.94999999999999
